id,scene,starts_at_s,duration_s,text
s1-l1,hook,2.25,4.27,"YASREF will change the salary merit effectiveness from January to April,"
s1-l2,hook,6.68,4.03,"changing only the timing in alignment with market best practices."
s2-l1,the-change,11.78,2.03,"Here's the new proposed cycle."
s3-l1,march,17.96,2.12,"The bonus will be paid in March."
s4-l1,april,21.62,4.18,"In April, merit increases and promotion adjustments will be reflected."
s5-l1,example,27.38,4.45,"This transition applies to the 2027 implementation year only."
s5-l2,example,36.04,6.93,"During the transition year, the bonus will cover 15 months, while the percentage itself does not change — only the months it covers."
s6-l1,leave,44.44,4.00,"For your leave balance, you will receive a three-month balance in January."
s6-l2,leave,51.26,5.22,"From April 2027, a new annual balance begins, based on the updated grades."
s7-l1,close,58.11,3.43,"For further clarification, contact HR personnel."
